timestamp,project_name,run_id,experiment_id,duration,emissions,emissions_rate,cpu_power,gpu_power,ram_power,cpu_energy,gpu_energy,ram_energy,energy_consumed,country_name,country_iso_code,region,cloud_provider,cloud_region,os,python_version,codecarbon_version,cpu_count,cpu_model,gpu_count,gpu_model,longitude,latitude,ram_total_size,tracking_mode,on_cloud,pue
2025-03-29T19:24:51,codecarbon,497af623-6d54-43f7-9627-58e3807cec42,5b0fa12a-3dd7-45bb-9766-cc326314d9f1,2.418592966001597,2.738265938465683e-05,1.1321731175761115e-05,42.5,12.93186560365189,5.803835391998291,2.8534199052763955e-05,8.682784724000497e-06,3.895479014225383e-06,4.111246279098984e-05,United States,USA,colorado,,,Linux-5.15.153.1-microsoft-standard-WSL2-x86_64-with-glibc2.35,3.10.12,2.8.3,16,11th Gen Intel(R) Core(TM) i9-11950H @ 2.60GHz,1,1 x NVIDIA RTX A2000 Laptop GPU,-105.1897,39.7291,15.47689437866211,machine,N,1.0
2025-03-29T19:24:51,codecarbon,497af623-6d54-43f7-9627-58e3807cec42,5b0fa12a-3dd7-45bb-9766-cc326314d9f1,2.4361725250055315,2.7525916808756352e-05,1.1298837223646075e-05,42.5,0.0,5.803835391998291,2.8724006260452173e-05,8.682784724000497e-06,3.920759225004807e-06,4.132755020945748e-05,United States,USA,colorado,,,Linux-5.15.153.1-microsoft-standard-WSL2-x86_64-with-glibc2.35,3.10.12,2.8.3,16,11th Gen Intel(R) Core(TM) i9-11950H @ 2.60GHz,1,1 x NVIDIA RTX A2000 Laptop GPU,-105.1897,39.7291,15.47689437866211,machine,N,1.0
2025-03-29T19:25:12,codecarbon,f3d1f30e-5ef3-45f0-b6c9-a9f19a48ba8b,5b0fa12a-3dd7-45bb-9766-cc326314d9f1,0.0561813710082788,8.538045561518339e-06,0.0001519728943649,42.5,793.0099465768808,5.803835391998291,6.469222382293083e-07,1.2084454111998752e-05,8.768828205465145e-08,1.2819064632282713e-05,United States,USA,colorado,,,Linux-5.15.153.1-microsoft-standard-WSL2-x86_64-with-glibc2.35,3.10.12,2.8.3,16,11th Gen Intel(R) Core(TM) i9-11950H @ 2.60GHz,1,1 x NVIDIA RTX A2000 Laptop GPU,-105.1897,39.7291,15.47689437866211,machine,N,1.0
2025-03-29T19:25:12,codecarbon,f3d1f30e-5ef3-45f0-b6c9-a9f19a48ba8b,5b0fa12a-3dd7-45bb-9766-cc326314d9f1,0.0613133840088266,8.574917580949266e-06,0.0001398539278098,42.5,0.0,5.803835391998291,6.958623694724036e-07,1.2084454111998752e-05,9.410798659624376e-08,1.28744244680674e-05,United States,USA,colorado,,,Linux-5.15.153.1-microsoft-standard-WSL2-x86_64-with-glibc2.35,3.10.12,2.8.3,16,11th Gen Intel(R) Core(TM) i9-11950H @ 2.60GHz,1,1 x NVIDIA RTX A2000 Laptop GPU,-105.1897,39.7291,15.47689437866211,machine,N,1.0
2025-03-29T19:25:28,codecarbon,101c6c80-57cb-4e54-a050-e345d54ad345,5b0fa12a-3dd7-45bb-9766-cc326314d9f1,0.0553515530045842,9.940703401687014e-06,0.0001795921317846,42.5,945.1061858478014,5.803835391998291,6.374930937757502e-07,1.4201400249999954e-05,8.612883822319381e-08,1.4925022181998898e-05,United States,USA,colorado,,,Linux-5.15.153.1-microsoft-standard-WSL2-x86_64-with-glibc2.35,3.10.12,2.8.3,16,11th Gen Intel(R) Core(TM) i9-11950H @ 2.60GHz,1,1 x NVIDIA RTX A2000 Laptop GPU,-105.1897,39.7291,15.47689437866211,machine,N,1.0
2025-03-29T19:25:28,codecarbon,101c6c80-57cb-4e54-a050-e345d54ad345,5b0fa12a-3dd7-45bb-9766-cc326314d9f1,0.062521984000341,9.993521128592308e-06,0.0001598401152551,42.5,0.0,5.803835391998291,7.076333583427185e-07,1.4201400249999954e-05,9.52893749989633e-08,1.5004322983341638e-05,United States,USA,colorado,,,Linux-5.15.153.1-microsoft-standard-WSL2-x86_64-with-glibc2.35,3.10.12,2.8.3,16,11th Gen Intel(R) Core(TM) i9-11950H @ 2.60GHz,1,1 x NVIDIA RTX A2000 Laptop GPU,-105.1897,39.7291,15.47689437866211,machine,N,1.0
2025-03-29T19:25:44,codecarbon,6318cf0c-8078-4a6e-b63a-271291aef3b1,5b0fa12a-3dd7-45bb-9766-cc326314d9f1,0.0559591250057565,1.046319093204876e-06,1.869791732978744e-05,42.5,55.50347037694518,5.803835391998291,6.430604403249163e-07,8.408340059998937e-07,8.70543129834634e-08,1.5709487593082734e-06,United States,USA,colorado,,,Linux-5.15.153.1-microsoft-standard-WSL2-x86_64-with-glibc2.35,3.10.12,2.8.3,16,11th Gen Intel(R) Core(TM) i9-11950H @ 2.60GHz,1,1 x NVIDIA RTX A2000 Laptop GPU,-105.1897,39.7291,15.47689437866211,machine,N,1.0
2025-03-29T19:25:44,codecarbon,6318cf0c-8078-4a6e-b63a-271291aef3b1,5b0fa12a-3dd7-45bb-9766-cc326314d9f1,0.0627775930042844,1.0965148411356489e-06,1.746665949841075e-05,42.5,0.0,5.803835391998291,7.09722882685229e-07,8.408340059998937e-07,9.575601952046793e-08,1.6463129082055906e-06,United States,USA,colorado,,,Linux-5.15.153.1-microsoft-standard-WSL2-x86_64-with-glibc2.35,3.10.12,2.8.3,16,11th Gen Intel(R) Core(TM) i9-11950H @ 2.60GHz,1,1 x NVIDIA RTX A2000 Laptop GPU,-105.1897,39.7291,15.47689437866211,machine,N,1.0
2025-03-29T19:57:15,codecarbon,ed9901cc-f5cc-4793-82fb-a148d55171e4,5b0fa12a-3dd7-45bb-9766-cc326314d9f1,2.4558351910091005,2.82554296636343e-05,1.1505425839273915e-05,42.5,13.923692532128312,5.803835391998291,2.897439025282438e-05,9.492785371999908e-06,3.955668861219188e-06,4.2422844486043474e-05,United States,USA,colorado,,,Linux-5.15.153.1-microsoft-standard-WSL2-x86_64-with-glibc2.35,3.10.12,2.8.3,16,11th Gen Intel(R) Core(TM) i9-11950H @ 2.60GHz,1,1 x NVIDIA RTX A2000 Laptop GPU,-105.1897,39.7291,15.47689437866211,machine,N,1.0
2025-03-29T19:57:15,codecarbon,ed9901cc-f5cc-4793-82fb-a148d55171e4,5b0fa12a-3dd7-45bb-9766-cc326314d9f1,2.469560035009636,2.836333006566432e-05,1.1485175360619911e-05,42.5,0.0,5.803835391998291,2.91173721292378e-05,9.492785371999908e-06,3.9746891921617714e-06,4.258484669339947e-05,United States,USA,colorado,,,Linux-5.15.153.1-microsoft-standard-WSL2-x86_64-with-glibc2.35,3.10.12,2.8.3,16,11th Gen Intel(R) Core(TM) i9-11950H @ 2.60GHz,1,1 x NVIDIA RTX A2000 Laptop GPU,-105.1897,39.7291,15.47689437866211,machine,N,1.0
2025-03-29T19:57:45,codecarbon,3ba28337-7509-4f15-9194-4381ee3eae1f,5b0fa12a-3dd7-45bb-9766-cc326314d9f1,0.0663633749936707,1.1430381561030465e-05,0.0001722393046182,42.5,903.0824246623694,5.803835391998291,7.65631065951311e-07,1.6292513034000047e-05,1.0348837749877597e-07,1.7161632477450134e-05,United States,USA,colorado,,,Linux-5.15.153.1-microsoft-standard-WSL2-x86_64-with-glibc2.35,3.10.12,2.8.3,16,11th Gen Intel(R) Core(TM) i9-11950H @ 2.60GHz,1,1 x NVIDIA RTX A2000 Laptop GPU,-105.1897,39.7291,15.47689437866211,machine,N,1.0
2025-03-29T19:57:45,codecarbon,3ba28337-7509-4f15-9194-4381ee3eae1f,5b0fa12a-3dd7-45bb-9766-cc326314d9f1,0.0725013960036449,1.1471696201126848e-05,0.0001582272457284,42.5,0.0,5.803835391998291,8.205863638977462e-07,1.6292513034000047e-05,1.1056308839207348e-07,1.7223662486289867e-05,United States,USA,colorado,,,Linux-5.15.153.1-microsoft-standard-WSL2-x86_64-with-glibc2.35,3.10.12,2.8.3,16,11th Gen Intel(R) Core(TM) i9-11950H @ 2.60GHz,1,1 x NVIDIA RTX A2000 Laptop GPU,-105.1897,39.7291,15.47689437866211,machine,N,1.0
2025-03-29T19:58:12,codecarbon,27540344-7953-466a-931b-1e3f31ef5888,5b0fa12a-3dd7-45bb-9766-cc326314d9f1,0.0549735959939425,4.772488550365366e-07,8.681419623506594e-06,42.5,0.0,5.803835391998291,6.310813312565087e-07,0.0,8.546250472043686e-08,7.165438359769456e-07,United States,USA,colorado,,,Linux-5.15.153.1-microsoft-standard-WSL2-x86_64-with-glibc2.35,3.10.12,2.8.3,16,11th Gen Intel(R) Core(TM) i9-11950H @ 2.60GHz,1,1 x NVIDIA RTX A2000 Laptop GPU,-105.1897,39.7291,15.47689437866211,machine,N,1.0
2025-03-29T19:58:12,codecarbon,27540344-7953-466a-931b-1e3f31ef5888,5b0fa12a-3dd7-45bb-9766-cc326314d9f1,0.0609994830010691,5.171904455111146e-07,8.478603753117868e-06,42.5,0.0,5.803835391998291,6.841675146461058e-07,0.0,9.234482654911489e-08,7.765123411952206e-07,United States,USA,colorado,,,Linux-5.15.153.1-microsoft-standard-WSL2-x86_64-with-glibc2.35,3.10.12,2.8.3,16,11th Gen Intel(R) Core(TM) i9-11950H @ 2.60GHz,1,1 x NVIDIA RTX A2000 Laptop GPU,-105.1897,39.7291,15.47689437866211,machine,N,1.0
2025-03-29T20:03:29,codecarbon,f55bdc45-1c2c-4652-a2f9-2ef67016e239,5b0fa12a-3dd7-45bb-9766-cc326314d9f1,0.0708965179946972,3.998676912701874e-06,5.640159807285543e-05,42.5,264.86068416171685,5.803835391998291,8.141469409161397e-07,5.07917072999943e-06,1.1031599655650573e-07,6.003633667472075e-06,United States,USA,colorado,,,Linux-5.15.153.1-microsoft-standard-WSL2-x86_64-with-glibc2.35,3.10.12,2.8.3,16,11th Gen Intel(R) Core(TM) i9-11950H @ 2.60GHz,1,1 x NVIDIA RTX A2000 Laptop GPU,-105.1897,39.7291,15.47689437866211,machine,N,1.0
2025-03-29T20:03:29,codecarbon,f55bdc45-1c2c-4652-a2f9-2ef67016e239,5b0fa12a-3dd7-45bb-9766-cc326314d9f1,0.0901073809945955,8.136999403276382e-06,9.030336153887792e-05,42.5,1201.7041177587462,5.803835391998291,1.024708197231424e-06,1.10538977320003e-05,1.383259800536527e-07,1.2216931909285378e-05,United States,USA,colorado,,,Linux-5.15.153.1-microsoft-standard-WSL2-x86_64-with-glibc2.35,3.10.12,2.8.3,16,11th Gen Intel(R) Core(TM) i9-11950H @ 2.60GHz,1,1 x NVIDIA RTX A2000 Laptop GPU,-105.1897,39.7291,15.47689437866211,machine,N,1.0
2025-03-29T20:03:43,codecarbon,02ba7354-7275-4f3a-aad7-bbe09fa7c8d9,5b0fa12a-3dd7-45bb-9766-cc326314d9f1,0.0521699670061934,4.541602421922557e-07,8.70539638521027e-06,42.5,0.0,5.803835391998291,6.006034952406481e-07,0.0,8.12749810602411e-08,6.818784763008892e-07,United States,USA,colorado,,,Linux-5.15.153.1-microsoft-standard-WSL2-x86_64-with-glibc2.35,3.10.12,2.8.3,16,11th Gen Intel(R) Core(TM) i9-11950H @ 2.60GHz,1,1 x NVIDIA RTX A2000 Laptop GPU,-105.1897,39.7291,15.47689437866211,machine,N,1.0
2025-03-29T20:03:43,codecarbon,02ba7354-7275-4f3a-aad7-bbe09fa7c8d9,5b0fa12a-3dd7-45bb-9766-cc326314d9f1,0.0576675580086885,4.915123528544139e-07,8.523203857190554e-06,42.5,0.0,5.803835391998291,6.501755069924305e-07,0.0,8.778361648706567e-08,7.379591234794963e-07,United States,USA,colorado,,,Linux-5.15.153.1-microsoft-standard-WSL2-x86_64-with-glibc2.35,3.10.12,2.8.3,16,11th Gen Intel(R) Core(TM) i9-11950H @ 2.60GHz,1,1 x NVIDIA RTX A2000 Laptop GPU,-105.1897,39.7291,15.47689437866211,machine,N,1.0
2025-03-29T20:04:37,codecarbon,ba62f14b-78ce-44dc-9468-7bfe3fcae202,5b0fa12a-3dd7-45bb-9766-cc326314d9f1,0.0582202939986018,5.050245539398964e-07,8.674373130991481e-06,42.5,0.0,5.803835391998291,6.680630368464335e-07,0.0,9.018337343554729e-08,7.582464102819808e-07,United States,USA,colorado,,,Linux-5.15.153.1-microsoft-standard-WSL2-x86_64-with-glibc2.35,3.10.12,2.8.3,16,11th Gen Intel(R) Core(TM) i9-11950H @ 2.60GHz,1,1 x NVIDIA RTX A2000 Laptop GPU,-105.1897,39.7291,15.47689437866211,machine,N,1.0
2025-03-29T20:04:37,codecarbon,ba62f14b-78ce-44dc-9468-7bfe3fcae202,5b0fa12a-3dd7-45bb-9766-cc326314d9f1,0.0766405530011979,1.402390014560029e-05,0.0001829827629946,42.5,4229.339373160159,5.803835391998291,8.693270757652903e-07,2.006890494399977e-05,1.1732233021191625e-07,2.105555434997697e-05,United States,USA,colorado,,,Linux-5.15.153.1-microsoft-standard-WSL2-x86_64-with-glibc2.35,3.10.12,2.8.3,16,11th Gen Intel(R) Core(TM) i9-11950H @ 2.60GHz,1,1 x NVIDIA RTX A2000 Laptop GPU,-105.1897,39.7291,15.47689437866211,machine,N,1.0
2025-03-29T20:06:28,codecarbon,7baa3942-20e5-4054-9d42-25492f0e043c,5b0fa12a-3dd7-45bb-9766-cc326314d9f1,0.0568327320070238,4.958010366903669e-07,8.72386420960885e-06,42.5,0.0,5.803835391998291,6.554886208909415e-07,0.0,8.89095541120433e-08,7.443981750029848e-07,United States,USA,colorado,,,Linux-5.15.153.1-microsoft-standard-WSL2-x86_64-with-glibc2.35,3.10.12,2.8.3,16,11th Gen Intel(R) Core(TM) i9-11950H @ 2.60GHz,1,1 x NVIDIA RTX A2000 Laptop GPU,-105.1897,39.7291,15.47689437866211,machine,N,1.0
2025-03-29T20:06:28,codecarbon,7baa3942-20e5-4054-9d42-25492f0e043c,5b0fa12a-3dd7-45bb-9766-cc326314d9f1,0.0749792239948874,1.2127926877961302e-05,0.000161750498762,42.5,3763.122692074699,5.803835391998291,8.496584772122635e-07,1.7244180462000838e-05,1.1509159225354833e-07,1.820893053146665e-05,United States,USA,colorado,,,Linux-5.15.153.1-microsoft-standard-WSL2-x86_64-with-glibc2.35,3.10.12,2.8.3,16,11th Gen Intel(R) Core(TM) i9-11950H @ 2.60GHz,1,1 x NVIDIA RTX A2000 Laptop GPU,-105.1897,39.7291,15.47689437866211,machine,N,1.0
2025-03-29T20:06:46,codecarbon,de25d42f-93d6-439c-986e-98bac2030760,5b0fa12a-3dd7-45bb-9766-cc326314d9f1,0.0515605800028424,8.150368741463687e-06,0.0001580736434891,42.5,829.0452763072432,5.803835391998291,5.918144361506469e-07,1.1565564808000556e-05,7.962545686140127e-08,1.2237004701012605e-05,United States,USA,colorado,,,Linux-5.15.153.1-microsoft-standard-WSL2-x86_64-with-glibc2.35,3.10.12,2.8.3,16,11th Gen Intel(R) Core(TM) i9-11950H @ 2.60GHz,1,1 x NVIDIA RTX A2000 Laptop GPU,-105.1897,39.7291,15.47689437866211,machine,N,1.0
2025-03-29T20:06:46,codecarbon,de25d42f-93d6-439c-986e-98bac2030760,5b0fa12a-3dd7-45bb-9766-cc326314d9f1,0.0591326299909269,8.207818140852017e-06,0.0001388035360867,42.5,0.0,5.803835391998291,6.68019438934506e-07,1.1565564808000556e-05,8.967527182693913e-08,1.2323259518762002e-05,United States,USA,colorado,,,Linux-5.15.153.1-microsoft-standard-WSL2-x86_64-with-glibc2.35,3.10.12,2.8.3,16,11th Gen Intel(R) Core(TM) i9-11950H @ 2.60GHz,1,1 x NVIDIA RTX A2000 Laptop GPU,-105.1897,39.7291,15.47689437866211,machine,N,1.0
2025-03-29T20:08:10,codecarbon,2dcb25d4-8535-4d37-8704-a0d51db0de67,5b0fa12a-3dd7-45bb-9766-cc326314d9f1,0.0566878649988211,4.927423714634699e-07,8.692201963748618e-06,42.5,0.0,5.803835391998291,6.517262965442368e-07,0.0,8.807958307339326e-08,7.398058796176301e-07,United States,USA,colorado,,,Linux-5.15.153.1-microsoft-standard-WSL2-x86_64-with-glibc2.35,3.10.12,2.8.3,16,11th Gen Intel(R) Core(TM) i9-11950H @ 2.60GHz,1,1 x NVIDIA RTX A2000 Laptop GPU,-105.1897,39.7291,15.47689437866211,machine,N,1.0
2025-03-29T20:08:10,codecarbon,2dcb25d4-8535-4d37-8704-a0d51db0de67,5b0fa12a-3dd7-45bb-9766-cc326314d9f1,0.0769026490015676,6.612946182486865e-07,8.599113643474185e-06,42.5,0.0,5.803835391998291,8.746816152476339e-07,0.0,1.1818945708746396e-07,9.928710723350978e-07,United States,USA,colorado,,,Linux-5.15.153.1-microsoft-standard-WSL2-x86_64-with-glibc2.35,3.10.12,2.8.3,16,11th Gen Intel(R) Core(TM) i9-11950H @ 2.60GHz,1,1 x NVIDIA RTX A2000 Laptop GPU,-105.1897,39.7291,15.47689437866211,machine,N,1.0
2025-03-29T20:08:55,codecarbon,d61e989c-d1e3-4681-b864-b6df632c93be,5b0fa12a-3dd7-45bb-9766-cc326314d9f1,0.0637233890010975,1.6238411994134225e-06,2.5482655974016928e-05,42.5,93.0705315816397,5.803835391998291,7.328642271204444e-07,1.6066679520004843e-06,9.851118078617889e-08,2.438043359907108e-06,United States,USA,colorado,,,Linux-5.15.153.1-microsoft-standard-WSL2-x86_64-with-glibc2.35,3.10.12,2.8.3,16,11th Gen Intel(R) Core(TM) i9-11950H @ 2.60GHz,1,1 x NVIDIA RTX A2000 Laptop GPU,-105.1897,39.7291,15.47689437866211,machine,N,1.0
2025-03-29T20:08:55,codecarbon,d61e989c-d1e3-4681-b864-b6df632c93be,5b0fa12a-3dd7-45bb-9766-cc326314d9f1,0.0703943270054878,1.6693200088263166e-06,2.3713842859754567e-05,42.5,0.0,5.803835391998291,7.932975271715906e-07,1.6066679520004843e-06,1.0635999437129281e-07,2.506325473543368e-06,United States,USA,colorado,,,Linux-5.15.153.1-microsoft-standard-WSL2-x86_64-with-glibc2.35,3.10.12,2.8.3,16,11th Gen Intel(R) Core(TM) i9-11950H @ 2.60GHz,1,1 x NVIDIA RTX A2000 Laptop GPU,-105.1897,39.7291,15.47689437866211,machine,N,1.0
2025-03-29T20:10:21,codecarbon,14fbd000-117e-43d5-9d1f-4753d8d95872,5b0fa12a-3dd7-45bb-9766-cc326314d9f1,0.0600258769991342,1.371609980566637e-05,0.0002285031138464,42.5,1212.1061296442326,5.803835391998291,6.935129577262464e-07,1.980584917799996e-05,9.405923275964193e-08,2.059342136848585e-05,United States,USA,colorado,,,Linux-5.15.153.1-microsoft-standard-WSL2-x86_64-with-glibc2.35,3.10.12,2.8.3,16,11th Gen Intel(R) Core(TM) i9-11950H @ 2.60GHz,1,1 x NVIDIA RTX A2000 Laptop GPU,-105.1897,39.7291,15.47689437866211,machine,N,1.0
2025-03-29T20:10:21,codecarbon,14fbd000-117e-43d5-9d1f-4753d8d95872,5b0fa12a-3dd7-45bb-9766-cc326314d9f1,0.0668394090025685,1.376503696761082e-05,0.0002059419311604,42.5,0.0,5.803835391998291,7.584701938261182e-07,1.980584917799996e-05,1.0257649821476405e-07,2.066689587004085e-05,United States,USA,colorado,,,Linux-5.15.153.1-microsoft-standard-WSL2-x86_64-with-glibc2.35,3.10.12,2.8.3,16,11th Gen Intel(R) Core(TM) i9-11950H @ 2.60GHz,1,1 x NVIDIA RTX A2000 Laptop GPU,-105.1897,39.7291,15.47689437866211,machine,N,1.0
2025-03-29T20:10:47,codecarbon,ca50e6e9-42a3-40c5-abf2-ba8e551977c6,5b0fa12a-3dd7-45bb-9766-cc326314d9f1,0.0653110979910707,5.706852259323423e-07,8.737951795120118e-06,42.5,0.0,5.803835391998291,7.549472742943585e-07,0.0,1.0188239980433537e-07,8.568296740986938e-07,United States,USA,colorado,,,Linux-5.15.153.1-microsoft-standard-WSL2-x86_64-with-glibc2.35,3.10.12,2.8.3,16,11th Gen Intel(R) Core(TM) i9-11950H @ 2.60GHz,1,1 x NVIDIA RTX A2000 Laptop GPU,-105.1897,39.7291,15.47689437866211,machine,N,1.0
2025-03-29T20:10:47,codecarbon,ca50e6e9-42a3-40c5-abf2-ba8e551977c6,5b0fa12a-3dd7-45bb-9766-cc326314d9f1,0.0716182969918008,6.169176603010267e-07,8.613967187346741e-06,42.5,0.0,5.803835391998291,8.162457326559687e-07,0.0,1.0999755138539005e-07,9.262432840413586e-07,United States,USA,colorado,,,Linux-5.15.153.1-microsoft-standard-WSL2-x86_64-with-glibc2.35,3.10.12,2.8.3,16,11th Gen Intel(R) Core(TM) i9-11950H @ 2.60GHz,1,1 x NVIDIA RTX A2000 Laptop GPU,-105.1897,39.7291,15.47689437866211,machine,N,1.0
2025-03-29T20:11:13,codecarbon,8cf6b4ec-ea37-45d6-ba12-6210d513517c,5b0fa12a-3dd7-45bb-9766-cc326314d9f1,0.0547017829958349,4.753265138324659e-07,8.689415368209438e-06,42.5,0.0,5.803835391998291,6.284907319948414e-07,0.0,8.5166891210958e-08,7.136576232057994e-07,United States,USA,colorado,,,Linux-5.15.153.1-microsoft-standard-WSL2-x86_64-with-glibc2.35,3.10.12,2.8.3,16,11th Gen Intel(R) Core(TM) i9-11950H @ 2.60GHz,1,1 x NVIDIA RTX A2000 Laptop GPU,-105.1897,39.7291,15.47689437866211,machine,N,1.0
2025-03-29T20:11:13,codecarbon,8cf6b4ec-ea37-45d6-ba12-6210d513517c,5b0fa12a-3dd7-45bb-9766-cc326314d9f1,0.0610761260031722,5.197036468804815e-07,8.509112821816637e-06,42.5,0.0,5.803835391998291,6.874517376672885e-07,0.0,9.283393672880672e-08,7.802856743960951e-07,United States,USA,colorado,,,Linux-5.15.153.1-microsoft-standard-WSL2-x86_64-with-glibc2.35,3.10.12,2.8.3,16,11th Gen Intel(R) Core(TM) i9-11950H @ 2.60GHz,1,1 x NVIDIA RTX A2000 Laptop GPU,-105.1897,39.7291,15.47689437866211,machine,N,1.0
2025-03-29T20:11:36,codecarbon,24cea186-16bd-45ec-ad97-2291b55b4c53,5b0fa12a-3dd7-45bb-9766-cc326314d9f1,0.0621440940012689,6.549353431313618e-06,0.0001053897966744,42.5,536.4123857969686,5.803835391998291,7.138652160190557e-07,9.023062773999904e-06,9.630425625422953e-08,9.83323224627319e-06,United States,USA,colorado,,,Linux-5.15.153.1-microsoft-standard-WSL2-x86_64-with-glibc2.35,3.10.12,2.8.3,16,11th Gen Intel(R) Core(TM) i9-11950H @ 2.60GHz,1,1 x NVIDIA RTX A2000 Laptop GPU,-105.1897,39.7291,15.47689437866211,machine,N,1.0
2025-03-29T20:11:36,codecarbon,24cea186-16bd-45ec-ad97-2291b55b4c53,5b0fa12a-3dd7-45bb-9766-cc326314d9f1,0.0697943940031109,6.606254309462591e-06,9.465307928840432e-05,42.5,0.0,5.803835391998291,7.893400451292917e-07,9.023062773999904e-06,1.0626069234042972e-07,9.918663511469626e-06,United States,USA,colorado,,,Linux-5.15.153.1-microsoft-standard-WSL2-x86_64-with-glibc2.35,3.10.12,2.8.3,16,11th Gen Intel(R) Core(TM) i9-11950H @ 2.60GHz,1,1 x NVIDIA RTX A2000 Laptop GPU,-105.1897,39.7291,15.47689437866211,machine,N,1.0
2025-03-29T20:12:04,codecarbon,65478ed8-4c43-49eb-8c48-03f490f5be49,5b0fa12a-3dd7-45bb-9766-cc326314d9f1,0.0550234929978614,1.2337695585638402e-05,0.0002242259608294,42.5,1196.3988632644366,5.803835391998291,6.317960868121494e-07,1.7806680912000813e-05,8.540132745849334e-08,1.8523878326271457e-05,United States,USA,colorado,,,Linux-5.15.153.1-microsoft-standard-WSL2-x86_64-with-glibc2.35,3.10.12,2.8.3,16,11th Gen Intel(R) Core(TM) i9-11950H @ 2.60GHz,1,1 x NVIDIA RTX A2000 Laptop GPU,-105.1897,39.7291,15.47689437866211,machine,N,1.0
2025-03-29T20:12:04,codecarbon,65478ed8-4c43-49eb-8c48-03f490f5be49,5b0fa12a-3dd7-45bb-9766-cc326314d9f1,0.0621148439968237,1.2389034682431182e-05,0.0001994536874803,42.5,0.0,5.803835391998291,6.999028445837515e-07,1.7806680912000813e-05,9.437534832736377e-08,1.860095910491193e-05,United States,USA,colorado,,,Linux-5.15.153.1-microsoft-standard-WSL2-x86_64-with-glibc2.35,3.10.12,2.8.3,16,11th Gen Intel(R) Core(TM) i9-11950H @ 2.60GHz,1,1 x NVIDIA RTX A2000 Laptop GPU,-105.1897,39.7291,15.47689437866211,machine,N,1.0
2025-03-29T20:13:41,codecarbon,20768c72-2883-4550-8967-190073bccde6,5b0fa12a-3dd7-45bb-9766-cc326314d9f1,0.0586924359959084,8.214883878050515e-06,0.0001399649501449,42.5,725.7962191053123,5.803835391998291,6.764223972418727e-07,1.1565842585999075e-05,9.160306895761668e-08,1.2333868052198564e-05,United States,USA,colorado,,,Linux-5.15.153.1-microsoft-standard-WSL2-x86_64-with-glibc2.35,3.10.12,2.8.3,16,11th Gen Intel(R) Core(TM) i9-11950H @ 2.60GHz,1,1 x NVIDIA RTX A2000 Laptop GPU,-105.1897,39.7291,15.47689437866211,machine,N,1.0
2025-03-29T20:13:41,codecarbon,20768c72-2883-4550-8967-190073bccde6,5b0fa12a-3dd7-45bb-9766-cc326314d9f1,0.0668766049930127,8.276423650350601e-06,0.0001237566358402,42.5,0.0,5.803835391998291,7.580528792055298e-07,1.1565842585999075e-05,1.0236871124589953e-07,1.2426264176450503e-05,United States,USA,colorado,,,Linux-5.15.153.1-microsoft-standard-WSL2-x86_64-with-glibc2.35,3.10.12,2.8.3,16,11th Gen Intel(R) Core(TM) i9-11950H @ 2.60GHz,1,1 x NVIDIA RTX A2000 Laptop GPU,-105.1897,39.7291,15.47689437866211,machine,N,1.0
2025-03-29T20:15:13,codecarbon,c4f3b3a3-2a25-4f8b-aa8d-592a4322c8a7,5b0fa12a-3dd7-45bb-9766-cc326314d9f1,0.0486361219955142,8.156699069696171e-06,0.0001677086645692,42.5,891.3082074668962,5.803835391998291,5.53003920120116e-07,1.1618620405998842e-05,7.488476160265136e-08,1.2246509087721609e-05,United States,USA,colorado,,,Linux-5.15.153.1-microsoft-standard-WSL2-x86_64-with-glibc2.35,3.10.12,2.8.3,16,11th Gen Intel(R) Core(TM) i9-11950H @ 2.60GHz,1,1 x NVIDIA RTX A2000 Laptop GPU,-105.1897,39.7291,15.47689437866211,machine,N,1.0
2025-03-29T20:15:13,codecarbon,c4f3b3a3-2a25-4f8b-aa8d-592a4322c8a7,5b0fa12a-3dd7-45bb-9766-cc326314d9f1,0.056259005999891,8.21129646658518e-06,0.0001459552354444,42.5,0.0,5.803835391998291,6.254915187633338e-07,1.1618620405998842e-05,8.436996978410569e-08,1.2328481894546282e-05,United States,USA,colorado,,,Linux-5.15.153.1-microsoft-standard-WSL2-x86_64-with-glibc2.35,3.10.12,2.8.3,16,11th Gen Intel(R) Core(TM) i9-11950H @ 2.60GHz,1,1 x NVIDIA RTX A2000 Laptop GPU,-105.1897,39.7291,15.47689437866211,machine,N,1.0
2025-03-29T20:15:26,codecarbon,782ee72c-d22a-4b15-bfd2-9760a5ebf03a,5b0fa12a-3dd7-45bb-9766-cc326314d9f1,0.0534452209976734,4.632720281313901e-07,8.668165637327178e-06,42.5,0.0,5.803835391998291,6.125041208179028e-07,0.0,8.30548368095017e-08,6.955589576274045e-07,United States,USA,colorado,,,Linux-5.15.153.1-microsoft-standard-WSL2-x86_64-with-glibc2.35,3.10.12,2.8.3,16,11th Gen Intel(R) Core(TM) i9-11950H @ 2.60GHz,1,1 x NVIDIA RTX A2000 Laptop GPU,-105.1897,39.7291,15.47689437866211,machine,N,1.0
2025-03-29T20:15:26,codecarbon,782ee72c-d22a-4b15-bfd2-9760a5ebf03a,5b0fa12a-3dd7-45bb-9766-cc326314d9f1,0.0605290350067662,5.141214421452979e-07,8.49379875439658e-06,42.5,0.0,5.803835391998291,6.79973531957027e-07,0.0,9.193099211896733e-08,7.719045240759944e-07,United States,USA,colorado,,,Linux-5.15.153.1-microsoft-standard-WSL2-x86_64-with-glibc2.35,3.10.12,2.8.3,16,11th Gen Intel(R) Core(TM) i9-11950H @ 2.60GHz,1,1 x NVIDIA RTX A2000 Laptop GPU,-105.1897,39.7291,15.47689437866211,machine,N,1.0
2025-03-29T20:16:19,codecarbon,974abeb6-9edf-4b19-812a-1dad5b5207b9,5b0fa12a-3dd7-45bb-9766-cc326314d9f1,0.0597951099916826,8.907475609644782e-06,0.0001489666230379,42.5,773.6062021717828,5.803835391998291,6.908399555060088e-07,1.2589176737999586e-05,9.371207472230125e-08,1.3373728768227896e-05,United States,USA,colorado,,,Linux-5.15.153.1-microsoft-standard-WSL2-x86_64-with-glibc2.35,3.10.12,2.8.3,16,11th Gen Intel(R) Core(TM) i9-11950H @ 2.60GHz,1,1 x NVIDIA RTX A2000 Laptop GPU,-105.1897,39.7291,15.47689437866211,machine,N,1.0
2025-03-29T20:16:19,codecarbon,974abeb6-9edf-4b19-812a-1dad5b5207b9,5b0fa12a-3dd7-45bb-9766-cc326314d9f1,0.0663669209898216,8.95616477039623e-06,0.0001349492282724,42.5,0.0,5.803835391998291,7.554039249751239e-07,1.2589176737999586e-05,1.0225025656724277e-07,1.3446830919541953e-05,United States,USA,colorado,,,Linux-5.15.153.1-microsoft-standard-WSL2-x86_64-with-glibc2.35,3.10.12,2.8.3,16,11th Gen Intel(R) Core(TM) i9-11950H @ 2.60GHz,1,1 x NVIDIA RTX A2000 Laptop GPU,-105.1897,39.7291,15.47689437866211,machine,N,1.0
2025-03-29T20:16:42,codecarbon,da1322f0-fc69-4c98-b4d1-09323a6abbc9,5b0fa12a-3dd7-45bb-9766-cc326314d9f1,0.0537653450010111,1.0030721272059664e-05,0.0001865648080909,42.5,992.7023863288362,5.803835391998291,6.135874693427468e-07,1.4363622601999346e-05,8.296539486605863e-08,1.506017546620815e-05,United States,USA,colorado,,,Linux-5.15.153.1-microsoft-standard-WSL2-x86_64-with-glibc2.35,3.10.12,2.8.3,16,11th Gen Intel(R) Core(TM) i9-11950H @ 2.60GHz,1,1 x NVIDIA RTX A2000 Laptop GPU,-105.1897,39.7291,15.47689437866211,machine,N,1.0
2025-03-29T20:16:42,codecarbon,da1322f0-fc69-4c98-b4d1-09323a6abbc9,5b0fa12a-3dd7-45bb-9766-cc326314d9f1,0.0616036870051175,1.008780284773994e-05,0.0001637532319599,42.5,0.0,5.803835391998291,6.893615811855449e-07,1.4363622601999346e-05,9.289384840379469e-08,1.5145878031588686e-05,United States,USA,colorado,,,Linux-5.15.153.1-microsoft-standard-WSL2-x86_64-with-glibc2.35,3.10.12,2.8.3,16,11th Gen Intel(R) Core(TM) i9-11950H @ 2.60GHz,1,1 x NVIDIA RTX A2000 Laptop GPU,-105.1897,39.7291,15.47689437866211,machine,N,1.0
2025-03-29T20:17:30,codecarbon,186973bc-199e-404f-b4cf-c59d8323cf43,5b0fa12a-3dd7-45bb-9766-cc326314d9f1,0.0515224919945467,1.2370926635186692e-05,0.0002401073037479,42.5,1287.2692597442303,5.803835391998291,5.904304590634032e-07,1.790334765600088e-05,7.999347646194367e-08,1.8573771591526227e-05,United States,USA,colorado,,,Linux-5.15.153.1-microsoft-standard-WSL2-x86_64-with-glibc2.35,3.10.12,2.8.3,16,11th Gen Intel(R) Core(TM) i9-11950H @ 2.60GHz,1,1 x NVIDIA RTX A2000 Laptop GPU,-105.1897,39.7291,15.47689437866211,machine,N,1.0
2025-03-29T20:17:30,codecarbon,186973bc-199e-404f-b4cf-c59d8323cf43,5b0fa12a-3dd7-45bb-9766-cc326314d9f1,0.0590572299988707,1.2427115424484317e-05,0.0002104249627813,42.5,0.0,5.803835391998291,6.649629923736535e-07,1.790334765600088e-05,8.982307455824471e-08,1.865813372293278e-05,United States,USA,colorado,,,Linux-5.15.153.1-microsoft-standard-WSL2-x86_64-with-glibc2.35,3.10.12,2.8.3,16,11th Gen Intel(R) Core(TM) i9-11950H @ 2.60GHz,1,1 x NVIDIA RTX A2000 Laptop GPU,-105.1897,39.7291,15.47689437866211,machine,N,1.0
2025-03-29T20:18:32,codecarbon,f45a385f-0dfe-4e4c-822e-f2ae87857e1f,5b0fa12a-3dd7-45bb-9766-cc326314d9f1,0.0666864849918056,5.833185966705906e-07,8.747178633605718e-06,42.5,0.0,5.803835391998291,7.718966873956864e-07,0.0,1.0390079319341857e-07,8.75797480589105e-07,United States,USA,colorado,,,Linux-5.15.153.1-microsoft-standard-WSL2-x86_64-with-glibc2.35,3.10.12,2.8.3,16,11th Gen Intel(R) Core(TM) i9-11950H @ 2.60GHz,1,1 x NVIDIA RTX A2000 Laptop GPU,-105.1897,39.7291,15.47689437866211,machine,N,1.0
2025-03-29T20:18:32,codecarbon,f45a385f-0dfe-4e4c-822e-f2ae87857e1f,5b0fa12a-3dd7-45bb-9766-cc326314d9f1,0.0758386759989662,6.503751229910162e-07,8.57577106171898e-06,42.5,0.0,5.803835391998291,8.611823991082525e-07,0.0,1.1529408801979605e-07,9.764764871280483e-07,United States,USA,colorado,,,Linux-5.15.153.1-microsoft-standard-WSL2-x86_64-with-glibc2.35,3.10.12,2.8.3,16,11th Gen Intel(R) Core(TM) i9-11950H @ 2.60GHz,1,1 x NVIDIA RTX A2000 Laptop GPU,-105.1897,39.7291,15.47689437866211,machine,N,1.0
2025-03-29T20:19:33,codecarbon,c7c1d0e7-b267-4931-a988-29e7b5018af8,5b0fa12a-3dd7-45bb-9766-cc326314d9f1,0.0566082209988962,1.1595767628206986e-05,0.0002048424667581,42.5,1088.73712993013,5.803835391998291,6.500337813526534e-07,1.6671957782002367e-05,8.795238879259036e-08,1.740994395214761e-05,United States,USA,colorado,,,Linux-5.15.153.1-microsoft-standard-WSL2-x86_64-with-glibc2.35,3.10.12,2.8.3,16,11th Gen Intel(R) Core(TM) i9-11950H @ 2.60GHz,1,1 x NVIDIA RTX A2000 Laptop GPU,-105.1897,39.7291,15.47689437866211,machine,N,1.0
2025-03-29T20:19:33,codecarbon,c7c1d0e7-b267-4931-a988-29e7b5018af8,5b0fa12a-3dd7-45bb-9766-cc326314d9f1,0.0646738689974881,1.1654383544532896e-05,0.0001802023556838,42.5,0.0,5.803835391998291,7.27880488324849e-07,1.6671957782002367e-05,9.811191397836592e-08,1.749795018430558e-05,United States,USA,colorado,,,Linux-5.15.153.1-microsoft-standard-WSL2-x86_64-with-glibc2.35,3.10.12,2.8.3,16,11th Gen Intel(R) Core(TM) i9-11950H @ 2.60GHz,1,1 x NVIDIA RTX A2000 Laptop GPU,-105.1897,39.7291,15.47689437866211,machine,N,1.0
2025-03-29T20:20:10,codecarbon,509fb595-be4b-44c3-a8ab-3949cd4b2379,5b0fa12a-3dd7-45bb-9766-cc326314d9f1,0.0525676079996628,4.568875911501149e-07,8.691428210943992e-06,42.5,0.0,5.803835391998291,6.041528707909391e-07,0.0,8.1820460979352e-08,6.859733317702911e-07,United States,USA,colorado,,,Linux-5.15.153.1-microsoft-standard-WSL2-x86_64-with-glibc2.35,3.10.12,2.8.3,16,11th Gen Intel(R) Core(TM) i9-11950H @ 2.60GHz,1,1 x NVIDIA RTX A2000 Laptop GPU,-105.1897,39.7291,15.47689437866211,machine,N,1.0
2025-03-29T20:20:10,codecarbon,509fb595-be4b-44c3-a8ab-3949cd4b2379,5b0fa12a-3dd7-45bb-9766-cc326314d9f1,0.0610780679999152,5.176498793649747e-07,8.475216985673044e-06,42.5,0.0,5.803835391998291,6.849220785221001e-07,0.0,9.228005897655513e-08,7.772021374986553e-07,United States,USA,colorado,,,Linux-5.15.153.1-microsoft-standard-WSL2-x86_64-with-glibc2.35,3.10.12,2.8.3,16,11th Gen Intel(R) Core(TM) i9-11950H @ 2.60GHz,1,1 x NVIDIA RTX A2000 Laptop GPU,-105.1897,39.7291,15.47689437866211,machine,N,1.0
2025-03-29T20:20:39,codecarbon,d33c3eca-6867-42e0-8ea0-6c6197db5458,5b0fa12a-3dd7-45bb-9766-cc326314d9f1,0.0506749570049578,1.194752945645104e-05,0.0002357679248801,42.5,1259.6369472749827,5.803835391998291,5.820552673867497e-07,1.7277513821998408e-05,7.851184433983357e-08,1.7938080933724993e-05,United States,USA,colorado,,,Linux-5.15.153.1-microsoft-standard-WSL2-x86_64-with-glibc2.35,3.10.12,2.8.3,16,11th Gen Intel(R) Core(TM) i9-11950H @ 2.60GHz,1,1 x NVIDIA RTX A2000 Laptop GPU,-105.1897,39.7291,15.47689437866211,machine,N,1.0
2025-03-29T20:20:39,codecarbon,d33c3eca-6867-42e0-8ea0-6c6197db5458,5b0fa12a-3dd7-45bb-9766-cc326314d9f1,0.058844675993896,1.2007184787657153e-05,0.0002040487875046,42.5,0.0,5.803835391998291,6.614677805474559e-07,1.7277513821998408e-05,8.866614607621084e-08,1.802764774862208e-05,United States,USA,colorado,,,Linux-5.15.153.1-microsoft-standard-WSL2-x86_64-with-glibc2.35,3.10.12,2.8.3,16,11th Gen Intel(R) Core(TM) i9-11950H @ 2.60GHz,1,1 x NVIDIA RTX A2000 Laptop GPU,-105.1897,39.7291,15.47689437866211,machine,N,1.0
2025-03-29T20:21:02,codecarbon,8b1962f3-19d4-4391-94b4-d773197742da,5b0fa12a-3dd7-45bb-9766-cc326314d9f1,0.0502722090022871,1.1990261264991562e-05,0.0002385067516019,42.5,1275.0541552955476,5.803835391998291,5.770253333341518e-07,1.734723609999808e-05,7.79772530761346e-08,1.8002238686408367e-05,United States,USA,colorado,,,Linux-5.15.153.1-microsoft-standard-WSL2-x86_64-with-glibc2.35,3.10.12,2.8.3,16,11th Gen Intel(R) Core(TM) i9-11950H @ 2.60GHz,1,1 x NVIDIA RTX A2000 Laptop GPU,-105.1897,39.7291,15.47689437866211,machine,N,1.0
2025-03-29T20:21:02,codecarbon,8b1962f3-19d4-4391-94b4-d773197742da,5b0fa12a-3dd7-45bb-9766-cc326314d9f1,0.0577524340042145,1.2043783810771916e-05,0.0002085415795617,42.5,0.0,5.803835391998291,6.480296701334332e-07,1.734723609999808e-05,8.73319362304392e-08,1.8082597706361954e-05,United States,USA,colorado,,,Linux-5.15.153.1-microsoft-standard-WSL2-x86_64-with-glibc2.35,3.10.12,2.8.3,16,11th Gen Intel(R) Core(TM) i9-11950H @ 2.60GHz,1,1 x NVIDIA RTX A2000 Laptop GPU,-105.1897,39.7291,15.47689437866211,machine,N,1.0
2025-03-29T20:24:30,codecarbon,10257812-5bf3-4351-bf6b-5ca0cf4103b1,5b0fa12a-3dd7-45bb-9766-cc326314d9f1,0.061928909010021,8.560062538211986e-06,0.0001382240164577,42.5,717.739887926956,5.803835391998291,7.122887847496411e-07,1.2043342968000996e-05,9.648927929121554e-08,1.2852121032041856e-05,United States,USA,colorado,,,Linux-5.15.153.1-microsoft-standard-WSL2-x86_64-with-glibc2.35,3.10.12,2.8.3,16,11th Gen Intel(R) Core(TM) i9-11950H @ 2.60GHz,1,1 x NVIDIA RTX A2000 Laptop GPU,-105.1897,39.7291,15.47689437866211,machine,N,1.0
2025-03-29T20:24:30,codecarbon,10257812-5bf3-4351-bf6b-5ca0cf4103b1,5b0fa12a-3dd7-45bb-9766-cc326314d9f1,0.070449021004606,8.623600426797307e-06,0.0001224090882147,42.5,0.0,5.803835391998291,7.965652339710991e-07,1.2043342968000996e-05,1.0760893618155914e-07,1.2947517138153656e-05,United States,USA,colorado,,,Linux-5.15.153.1-microsoft-standard-WSL2-x86_64-with-glibc2.35,3.10.12,2.8.3,16,11th Gen Intel(R) Core(TM) i9-11950H @ 2.60GHz,1,1 x NVIDIA RTX A2000 Laptop GPU,-105.1897,39.7291,15.47689437866211,machine,N,1.0
2025-03-29T20:25:35,codecarbon,6c892bd4-555c-4f0f-92e2-1fcbc40ec441,5b0fa12a-3dd7-45bb-9766-cc326314d9f1,0.05292561200622,4.606655423557465e-07,8.70401918643108e-06,42.5,0.0,5.803835391998291,6.092878979365601e-07,0.0,8.235766881229295e-08,6.91645566748853e-07,United States,USA,colorado,,,Linux-5.15.153.1-microsoft-standard-WSL2-x86_64-with-glibc2.35,3.10.12,2.8.3,16,11th Gen Intel(R) Core(TM) i9-11950H @ 2.60GHz,1,1 x NVIDIA RTX A2000 Laptop GPU,-105.1897,39.7291,15.47689437866211,machine,N,1.0
2025-03-29T20:25:35,codecarbon,6c892bd4-555c-4f0f-92e2-1fcbc40ec441,5b0fa12a-3dd7-45bb-9766-cc326314d9f1,0.0608068409928819,5.175412579607917e-07,8.511234089950098e-06,42.5,0.0,5.803835391998291,6.84757072122011e-07,0.0,9.22819806530224e-08,7.770390527750334e-07,United States,USA,colorado,,,Linux-5.15.153.1-microsoft-standard-WSL2-x86_64-with-glibc2.35,3.10.12,2.8.3,16,11th Gen Intel(R) Core(TM) i9-11950H @ 2.60GHz,1,1 x NVIDIA RTX A2000 Laptop GPU,-105.1897,39.7291,15.47689437866211,machine,N,1.0
2025-03-29T20:28:42,codecarbon,3b012d55-97db-43dd-b4ee-a8bb6d7a9593,5b0fa12a-3dd7-45bb-9766-cc326314d9f1,0.061253747990122,5.346808998890401e-07,8.728949940749162e-06,42.5,0.0,5.803835391998291,7.07063126426672e-07,0.0,9.570947111212641e-08,8.027725975387985e-07,United States,USA,colorado,,,Linux-5.15.153.1-microsoft-standard-WSL2-x86_64-with-glibc2.35,3.10.12,2.8.3,16,11th Gen Intel(R) Core(TM) i9-11950H @ 2.60GHz,1,1 x NVIDIA RTX A2000 Laptop GPU,-105.1897,39.7291,15.47689437866211,machine,N,1.0
2025-03-29T20:28:42,codecarbon,3b012d55-97db-43dd-b4ee-a8bb6d7a9593,5b0fa12a-3dd7-45bb-9766-cc326314d9f1,0.0704591599933337,6.023825100975847e-07,8.549385348258156e-06,42.5,0.0,5.803835391998291,7.968714229718899e-07,0.0,1.075487133062789e-07,9.044201362781688e-07,United States,USA,colorado,,,Linux-5.15.153.1-microsoft-standard-WSL2-x86_64-with-glibc2.35,3.10.12,2.8.3,16,11th Gen Intel(R) Core(TM) i9-11950H @ 2.60GHz,1,1 x NVIDIA RTX A2000 Laptop GPU,-105.1897,39.7291,15.47689437866211,machine,N,1.0
2025-03-29T20:32:23,codecarbon,88a2e5ff-62ea-493c-9216-571be7e76813,5b0fa12a-3dd7-45bb-9766-cc326314d9f1,0.0576205069955904,8.327295576023111e-06,0.0001445196512529,42.5,751.7227841524913,5.803835391998291,6.633396340071664e-07,1.1749453843998977e-05,8.98500640106236e-08,1.2502643542016765e-05,United States,USA,colorado,,,Linux-5.15.153.1-microsoft-standard-WSL2-x86_64-with-glibc2.35,3.10.12,2.8.3,16,11th Gen Intel(R) Core(TM) i9-11950H @ 2.60GHz,1,1 x NVIDIA RTX A2000 Laptop GPU,-105.1897,39.7291,15.47689437866211,machine,N,1.0
2025-03-29T20:32:23,codecarbon,88a2e5ff-62ea-493c-9216-571be7e76813,5b0fa12a-3dd7-45bb-9766-cc326314d9f1,0.0794698459940264,8.508864058373352e-06,0.0001070703479029,42.5,0.0,5.803835391998291,9.034803472988844e-07,1.1749453843998977e-05,1.2231718510709657e-07,1.2775251376404956e-05,United States,USA,colorado,,,Linux-5.15.153.1-microsoft-standard-WSL2-x86_64-with-glibc2.35,3.10.12,2.8.3,16,11th Gen Intel(R) Core(TM) i9-11950H @ 2.60GHz,1,1 x NVIDIA RTX A2000 Laptop GPU,-105.1897,39.7291,15.47689437866211,machine,N,1.0
2025-03-29T20:32:44,codecarbon,54216a3a-c30a-49f0-a2d0-acd81fa6cbd0,5b0fa12a-3dd7-45bb-9766-cc326314d9f1,0.0504633490054402,4.374976504019992e-07,8.669611887130881e-06,42.5,0.0,5.803835391998291,5.786765174282967e-07,0.0,7.8184659590032e-08,6.568611770183287e-07,United States,USA,colorado,,,Linux-5.15.153.1-microsoft-standard-WSL2-x86_64-with-glibc2.35,3.10.12,2.8.3,16,11th Gen Intel(R) Core(TM) i9-11950H @ 2.60GHz,1,1 x NVIDIA RTX A2000 Laptop GPU,-105.1897,39.7291,15.47689437866211,machine,N,1.0
2025-03-29T20:32:44,codecarbon,54216a3a-c30a-49f0-a2d0-acd81fa6cbd0,5b0fa12a-3dd7-45bb-9766-cc326314d9f1,0.0590777680044993,1.3467359962551863e-05,0.0002279598640477,42.5,9624.504006810072,5.803835391998291,6.63902050867667e-07,1.946668223999984e-05,8.937782367854176e-08,2.0219962114546047e-05,United States,USA,colorado,,,Linux-5.15.153.1-microsoft-standard-WSL2-x86_64-with-glibc2.35,3.10.12,2.8.3,16,11th Gen Intel(R) Core(TM) i9-11950H @ 2.60GHz,1,1 x NVIDIA RTX A2000 Laptop GPU,-105.1897,39.7291,15.47689437866211,machine,N,1.0
2025-03-29T20:32:56,codecarbon,585c2f39-b260-447e-9faa-528985e90458,5b0fa12a-3dd7-45bb-9766-cc326314d9f1,0.0583892069989815,7.0260818484901404e-06,0.0001203318594241,42.5,619.413227366779,5.803835391998291,6.707118139577992e-07,9.787785607999476e-06,9.049727226716557e-08,1.054899469422444e-05,United States,USA,colorado,,,Linux-5.15.153.1-microsoft-standard-WSL2-x86_64-with-glibc2.35,3.10.12,2.8.3,16,11th Gen Intel(R) Core(TM) i9-11950H @ 2.60GHz,1,1 x NVIDIA RTX A2000 Laptop GPU,-105.1897,39.7291,15.47689437866211,machine,N,1.0
2025-03-29T20:32:56,codecarbon,585c2f39-b260-447e-9faa-528985e90458,5b0fa12a-3dd7-45bb-9766-cc326314d9f1,0.0674186210089828,7.096221874542556e-06,0.0001052561112692,42.5,0.0,5.803835391998291,7.637166535864204e-07,9.787785607999476e-06,1.0280102121393993e-07,1.0654303282799836e-05,United States,USA,colorado,,,Linux-5.15.153.1-microsoft-standard-WSL2-x86_64-with-glibc2.35,3.10.12,2.8.3,16,11th Gen Intel(R) Core(TM) i9-11950H @ 2.60GHz,1,1 x NVIDIA RTX A2000 Laptop GPU,-105.1897,39.7291,15.47689437866211,machine,N,1.0
2025-03-29T20:33:41,codecarbon,0fb0ccc1-af56-4616-8702-df926347a2cc,5b0fa12a-3dd7-45bb-9766-cc326314d9f1,0.0519102800026303,4.501947118116159e-07,8.672554102748132e-06,42.5,0.0,5.803835391998291,5.952942889558068e-07,0.0,8.06303200478854e-08,6.759246090036922e-07,United States,USA,colorado,,,Linux-5.15.153.1-microsoft-standard-WSL2-x86_64-with-glibc2.35,3.10.12,2.8.3,16,11th Gen Intel(R) Core(TM) i9-11950H @ 2.60GHz,1,1 x NVIDIA RTX A2000 Laptop GPU,-105.1897,39.7291,15.47689437866211,machine,N,1.0
2025-03-29T20:33:41,codecarbon,0fb0ccc1-af56-4616-8702-df926347a2cc,5b0fa12a-3dd7-45bb-9766-cc326314d9f1,0.0632043759978842,5.377953892341055e-07,8.508831560208876e-06,42.5,0.0,5.803835391998291,7.11416070791731e-07,0.0,9.603263674475757e-08,8.074487075364886e-07,United States,USA,colorado,,,Linux-5.15.153.1-microsoft-standard-WSL2-x86_64-with-glibc2.35,3.10.12,2.8.3,16,11th Gen Intel(R) Core(TM) i9-11950H @ 2.60GHz,1,1 x NVIDIA RTX A2000 Laptop GPU,-105.1897,39.7291,15.47689437866211,machine,N,1.0
2025-03-29T20:46:17,codecarbon,eb3f61e5-87b2-4d2b-8331-4aa18e6f6b9d,5b0fa12a-3dd7-45bb-9766-cc326314d9f1,2.760159860990825,3.020800175487429e-05,1.09442942714305e-05,42.5,10.886473367984332,5.803835391998291,3.2566076243781734e-05,8.342228896000836e-06,4.446140923747182e-06,4.535444606352976e-05,United States,USA,colorado,,,Linux-5.15.153.1-microsoft-standard-WSL2-x86_64-with-glibc2.35,3.10.12,2.8.3,16,11th Gen Intel(R) Core(TM) i9-11950H @ 2.60GHz,1,1 x NVIDIA RTX A2000 Laptop GPU,-105.1897,39.7291,15.47689437866211,machine,N,1.0
2025-03-29T20:46:17,codecarbon,eb3f61e5-87b2-4d2b-8331-4aa18e6f6b9d,5b0fa12a-3dd7-45bb-9766-cc326314d9f1,2.7864396069926443,3.0426977972766768e-05,1.091966174196256e-05,42.5,0.0,5.803835391998291,3.285579013753603e-05,8.342228896000836e-06,4.485199027034942e-06,4.568321806057181e-05,United States,USA,colorado,,,Linux-5.15.153.1-microsoft-standard-WSL2-x86_64-with-glibc2.35,3.10.12,2.8.3,16,11th Gen Intel(R) Core(TM) i9-11950H @ 2.60GHz,1,1 x NVIDIA RTX A2000 Laptop GPU,-105.1897,39.7291,15.47689437866211,machine,N,1.0
2025-03-29T20:46:34,codecarbon,6eed9dd1-c751-47a7-a49c-47be7942a074,5b0fa12a-3dd7-45bb-9766-cc326314d9f1,0.0570758060057414,9.507192575682969e-06,0.0001665713240164,42.5,874.8133781755791,5.803835391998291,6.56414436030496e-07,1.352889971199811e-05,8.883269519406167e-08,1.4274146843222668e-05,United States,USA,colorado,,,Linux-5.15.153.1-microsoft-standard-WSL2-x86_64-with-glibc2.35,3.10.12,2.8.3,16,11th Gen Intel(R) Core(TM) i9-11950H @ 2.60GHz,1,1 x NVIDIA RTX A2000 Laptop GPU,-105.1897,39.7291,15.47689437866211,machine,N,1.0
2025-03-29T20:46:34,codecarbon,6eed9dd1-c751-47a7-a49c-47be7942a074,5b0fa12a-3dd7-45bb-9766-cc326314d9f1,0.0676263519999338,9.589930394645416e-06,0.0001418075958711,42.5,0.0,5.803835391998291,7.660372005981723e-07,1.352889971199811e-05,1.0343290896162049e-07,1.4398369821557902e-05,United States,USA,colorado,,,Linux-5.15.153.1-microsoft-standard-WSL2-x86_64-with-glibc2.35,3.10.12,2.8.3,16,11th Gen Intel(R) Core(TM) i9-11950H @ 2.60GHz,1,1 x NVIDIA RTX A2000 Laptop GPU,-105.1897,39.7291,15.47689437866211,machine,N,1.0
2025-03-29T20:46:46,codecarbon,aee83c65-d12c-4078-a326-39ee3d7de276,5b0fa12a-3dd7-45bb-9766-cc326314d9f1,0.0632885000086389,1.2850059783470172e-05,0.0002030394112945,42.5,1074.8654866255167,5.803835391998291,7.292526834741391e-07,1.8465014772001825e-05,9.88770594037835e-08,1.9293144514879748e-05,United States,USA,colorado,,,Linux-5.15.153.1-microsoft-standard-WSL2-x86_64-with-glibc2.35,3.10.12,2.8.3,16,11th Gen Intel(R) Core(TM) i9-11950H @ 2.60GHz,1,1 x NVIDIA RTX A2000 Laptop GPU,-105.1897,39.7291,15.47689437866211,machine,N,1.0
2025-03-29T20:46:46,codecarbon,aee83c65-d12c-4078-a326-39ee3d7de276,5b0fa12a-3dd7-45bb-9766-cc326314d9f1,0.07264413801021874,1.2920360571457386e-05,0.00017785826806341758,42.5,0.0,5.803835391998291,8.224661389249378e-07,1.8465014772001825e-05,1.1121356130742189e-07,1.9398694472234185e-05,United States,USA,colorado,,,Linux-5.15.153.1-microsoft-standard-WSL2-x86_64-with-glibc2.35,3.10.12,2.8.3,16,11th Gen Intel(R) Core(TM) i9-11950H @ 2.60GHz,1,1 x NVIDIA RTX A2000 Laptop GPU,-105.1897,39.7291,15.47689437866211,machine,N,1.0
